{
  "documentation": {
    "format": "Indonesian License Plate Format",
    "structure": {
      "segment_1": "[A-Z]{1,2} - Province/Area Code",
      "segment_2": "\\d{1,4} - Vehicle Identification Number (1-4 digits)",
      "segment_3": "[A-Z]{0,3} - Regional Code (0-3 letters, first letter identifies sub-region)"
    },
    "example": "B 1704 CJE - B=JADETABEK, 1704=ID, C=Tangerang Banten"
  },
  "plate_data": {
    "B": {
      "region_name": "JADETABEK",
      "sub_codes": {
        "U": "Jakarta Utara",
        "B": "Jakarta Barat",
        "P": "Jakarta Pusat",
        "T": "Jakarta Timur",
        "S": "Jakarta Selatan",
        "W": "Tangerang Selatan, Banten",
        "C": "Tangerang, Banten",
        "V": "Tangerang, Banten",
        "G": "Tangerang, Banten",
        "N": "Tangerang, Banten",
        "E": "Depok, Jawa Barat",
        "Z": "Depok, Jawa Barat",
        "F": "Bekasi, Jawa Barat",
        "K": "Bekasi, Jawa Barat"
      }
    },
    "F": {
      "region_name": "Jawa Barat",
      "sub_codes": {
        "A": "Bogor, Jawa Barat",
        "B": "Bogor, Jawa Barat",
        "C": "Bogor, Jawa Barat",
        "D": "Bogor, Jawa Barat",
        "E": "Bogor, Jawa Barat",
        "F": "Kab. Bogor, Jawa Barat",
        "G": "Kab. Bogor, Jawa Barat",
        "H": "Kab. Bogor, Jawa Barat",
        "I": "Kab. Bogor, Jawa Barat",
        "J": "Kab. Bogor, Jawa Barat",
        "K": "Kab. Bogor, Jawa Barat",
        "L": "Kab. Bogor, Jawa Barat",
        "M": "Kab. Bogor, Jawa Barat",
        "N": "Kab. Bogor, Jawa Barat",
        "O": "Kab. Bogor, Jawa Barat",
        "P": "Kab. Bogor, Jawa Barat",
        "R": "Kab. Bogor, Jawa Barat",
        "S": "Sukabumi, Jawa Barat",
        "T": "Sukabumi, Jawa Barat",
        "Q": "Kab. Sukabumi, Jawa Barat",
        "U": "Kab. Sukabumi, Jawa Barat",
        "V": "Kab. Sukabumi, Jawa Barat",
        "W": "Cianjur, Jawa Barat",
        "X": "Cianjur, Jawa Barat",
        "Y": "Cianjur, Jawa Barat",
        "Z": "Cianjur, Jawa Barat"
      }
    },
    "D": {
      "region_name": "Jawa Barat",
      "sub_codes": {
        "A": "Bandung, Jawa Barat",
        "B": "Bandung, Jawa Barat",
        "C": "Bandung, Jawa Barat",
        "D": "Bandung, Jawa Barat",
        "E": "Bandung, Jawa Barat",
        "F": "Bandung, Jawa Barat",
        "G": "Bandung, Jawa Barat",
        "H": "Bandung, Jawa Barat",
        "I": "Bandung, Jawa Barat",
        "J": "Bandung, Jawa Barat",
        "K": "Bandung, Jawa Barat",
        "L": "Bandung, Jawa Barat",
        "M": "Bandung, Jawa Barat",
        "N": "Bandung, Jawa Barat",
        "O": "Bandung, Jawa Barat",
        "P": "Bandung, Jawa Barat",
        "Q": "Bandung, Jawa Barat",
        "R": "Bandung, Jawa Barat",
        "S": "Cimahi, Jawa Barat",
        "T": "Cimahi, Jawa Barat",
        "U": "Kab. Bandung Barat, Jawa Barat",
        "X": "Kab. Bandung Barat, Jawa Barat",
        "Z": "Kab. Bandung Barat, Jawa Barat",
        "V": "Kab. Bandung, Jawa Barat",
        "W": "Kab. Bandung, Jawa Barat",
        "Y": "Kab. Bandung, Jawa Barat"
      }
    },
    "E": {
      "region_name": "Jawa Barat",
      "sub_codes": {
        "A": "Cirebon, Jawa Barat",
        "B": "Cirebon, Jawa Barat",
        "C": "Cirebon, Jawa Barat",
        "D": "Cirebon, Jawa Barat",
        "E": "Cirebon, Jawa Barat",
        "F": "Cirebon, Jawa Barat",
        "G": "Cirebon, Jawa Barat",
        "H": "Kab. Cirebon, Jawa Barat",
        "I": "Kab. Cirebon, Jawa Barat",
        "J": "Kab. Cirebon, Jawa Barat",
        "K": "Kab. Cirebon, Jawa Barat",
        "L": "Kab. Cirebon, Jawa Barat",
        "M": "Kab. Cirebon, Jawa Barat",
        "N": "Kab. Cirebon, Jawa Barat",
        "O": "Kab. Cirebon, Jawa Barat",
        "P": "Indramayu, Jawa Barat",
        "Q": "Indramayu, Jawa Barat",
        "R": "Indramayu, Jawa Barat",
        "S": "Indramayu, Jawa Barat",
        "T": "Indramayu, Jawa Barat",
        "U": "Majalengka, Jawa Barat",
        "V": "Majalengka, Jawa Barat",
        "W": "Majalengka, Jawa Barat",
        "X": "Majalengka, Jawa Barat",
        "Y": "Kuningan, Jawa Barat",
        "Z": "Kuningan, Jawa Barat"
      }
    },
    "T": {
      "region_name": "Jawa Barat",
      "sub_codes": {
        "A": "Purwakarta, Jawa Barat",
        "B": "Purwakarta, Jawa Barat",
        "C": "Purwakarta, Jawa Barat",
        "D": "Karawang, Jawa Barat",
        "E": "Karawang, Jawa Barat",
        "F": "Karawang, Jawa Barat",
        "G": "Karawang, Jawa Barat",
        "H": "Karawang, Jawa Barat",
        "I": "Karawang, Jawa Barat",
        "J": "Karawang, Jawa Barat",
        "K": "Karawang, Jawa Barat",
        "L": "Karawang, Jawa Barat",
        "M": "Karawang, Jawa Barat",
        "N": "Karawang, Jawa Barat",
        "O": "Karawang, Jawa Barat",
        "P": "Karawang, Jawa Barat",
        "Q": "Karawang, Jawa Barat",
        "R": "Karawang, Jawa Barat",
        "S": "Karawang, Jawa Barat",
        "T": "Subang, Jawa Barat",
        "U": "Subang, Jawa Barat",
        "V": "Subang, Jawa Barat",
        "W": "Subang, Jawa Barat",
        "X": "Subang, Jawa Barat",
        "Y": "Subang, Jawa Barat",
        "Z": "Subang, Jawa Barat"
      }
    },
    "Z": {
      "region_name": "Jawa Barat",
      "sub_codes": {
        "A": "Sumedang, Jawa Barat",
        "B": "Sumedang, Jawa Barat",
        "C": "Sumedang, Jawa Barat",
        "D": "Garut, Jawa Barat",
        "E": "Garut, Jawa Barat",
        "F": "Garut, Jawa Barat",
        "G": "Garut, Jawa Barat",
        "H": "Tasikmalaya, Jawa Barat",
        "I": "Tasikmalaya, Jawa Barat",
        "J": "Tasikmalaya, Jawa Barat",
        "K": "Kab. Tasikmalaya, Jawa Barat",
        "L": "Kab. Tasikmalaya, Jawa Barat",
        "M": "Kab. Tasikmalaya, Jawa Barat",
        "N": "Kab. Tasikmalaya, Jawa Barat",
        "O": "Kab. Tasikmalaya, Jawa Barat",
        "P": "Kab. Tasikmalaya, Jawa Barat",
        "Q": "Kab. Tasikmalaya, Jawa Barat",
        "R": "Kab. Tasikmalaya, Jawa Barat",
        "S": "Kab. Tasikmalaya, Jawa Barat",
        "T": "Ciamis, Jawa Barat",
        "U": "Ciamis, Jawa Barat",
        "V": "Ciamis, Jawa Barat",
        "W": "Pangandaran, Jawa Barat",
        "X": "Banjar, Jawa Barat",
        "Y": "Banjar, Jawa Barat",
        "Z": "Banjar, Jawa Barat"
      }
    },
    "A": {
      "region_name": "Banten",
      "sub_codes": {
        "A": "Serang, Banten",
        "B": "Serang, Banten",
        "C": "Serang, Banten",
        "D": "Serang, Banten",
        "E": "Kab. Serang, Banten",
        "F": "Kab. Serang, Banten",
        "G": "Kab. Serang, Banten",
        "H": "Kab. Serang, Banten",
        "I": "Kab. Serang, Banten",
        "J": "Pandeglang, Banten",
        "K": "Pandeglang, Banten",
        "L": "Pandeglang, Banten",
        "M": "Pandeglang, Banten",
        "N": "Pandeglang, Banten",
        "O": "Cilegon, Banten",
        "U": "Cilegon, Banten",
        "P": "Lebak, Banten",
        "Q": "Lebak, Banten",
        "R": "Lebak, Banten",
        "S": "Lebak, Banten",
        "T": "Lebak, Banten",
        "V": "Kab. Tangerang, Banten",
        "W": "Kab. Tangerang, Banten",
        "X": "Kab. Tangerang, Banten",
        "Y": "Kab. Tangerang, Banten",
        "Z": "Kab. Tangerang, Banten"
      }
    }
  }
}